id,name,t_name,is_nsfw,desc,remarks,contributor,c_id,update_times
,aaeru,阿艾尔,,出自动漫《西蒙》,,好好怪,2602,
,abandon ranka,万隆兰花,,画师,,好好怪,2501,
,aardwolf (kemono friends),土狼(兽娘动物园),,出自动漫《兽娘动物园》,,好好怪,2607,
,abara heiki,肋兵器,,画师,,好好怪,2501,
,Abarai Renji,阿散井恋次,,出自漫画《死神》,,好好怪,2602,
,abbystea,abbystea,,推特id,,好好怪,2501,
,abe suke,abe suke,,画师,,好好怪,2501,
,abe takakazu,阿部高和,,出自漫画《くそみそ?????》,,好好怪,2602,
,abenobashi mahou shoutengai,动漫《阿倍野桥商店街》,,,,好好怪,2601,
,abigail williams (swimsuit foreigner) (first ascension) (fate),阿比盖尔·威廉姆斯(泳装降临者)(一破)(fate),,出自FGO,,好好怪,2606,
,abigail williams (swimsuit foreigner) (third ascension) (fate),阿比盖尔·威廉姆斯(泳装降临者)(三破)(fate),,出自FGO,,好好怪,2606,
,abmayo,abmayo,,画师,,好好怪,2501,
,abomasnow,暴雪王,,出自精灵宝可梦,,好好怪,2708,
,abra,凯西,,出自精灵宝可梦,,好好怪,2708,
,absinthe (arknights),苦艾,,出自明日方舟,,好好怪,2710,
,abukuma (kancolle),阿武隈号(舰队收藏),,出自舰队收藏,,好好怪,2709,
,abukuma kai ni (kancolle),阿武隈号改二(舰队收藏),,出自舰队收藏,,好好怪,2709,
,accelerator (toaru majutsu no index),一方通行《魔法禁书目录》,,出自动漫《魔法禁书目录》,,好好怪,2698,
,acubi tomaranai,acubi tomaranai,,画师微博id,,好好怪,2501,
,adachi sakura,安达樱,,出自小说《安达与岛村》,,好好怪,2502,
,adachi to shimamura,安达与岛村,,,,好好怪,2502,
,adagaki aki,安达恒爱姬,,出自《政宗君的复仇》,,好好怪,2602,
,add (elsword),艾迪,,出自艾尔之光,,好好怪,2797,
,adelbert steiner,阿德尔伯特·斯坦纳,,出自最终幻想9,,好好怪,2712,
,adeleine,阿朵莱尼,,出自星之卡比,,好好怪,2796,
,adepta sororitas,战斗修女,,出自战锤,,好好怪,2797,
,adiane,流丽之阿蒂涅,,出自天元突破,,好好怪,2602,
,admiral graf spee (peaceful daily life) (azur lane),斯佩伯爵海军上将(平稳的日常)(碧蓝航线),,出自碧蓝航线,,好好怪,2703,
,admiral hipper (azur lane),西贝尔海军上将(碧蓝航线),,出自碧蓝航线,,好好怪,2703,
,admiral paru,admiral paru,,画师,,好好怪,2501,
,admire vega (umamusume),爱慕织姬(赛马娘),,出自赛马娘,,好好怪,2716,
,aegir (housamo),艾吉尔(东京放学后),,出自东京放学后,,好好怪,2602,
,agano (kancolle),阿贺野号(舰队收藏),,出自舰队收藏,,好好怪,2709,
,agnes tachyon (umamusume),爱丽速子(赛马娘),,出自赛马娘,,好好怪,2716,
,agonasubi,agonasubi_m01,,画师,,好好怪,2501,
,agrius metamorphosis,神罚的野猪,,出自FGO,,好好怪,2606,
,ahagon umiko,阿波根海子,,出自漫画《new game!》,,好好怪,2602,
,ai-chan (honkai impact),爱酱(崩坏3rd),,出自崩坏三,,好好怪,2702,
,aikatsu on parade!,偶像活动 on Parade!,,动漫,,好好怪,2601,
,aikatsu stars!,偶像活动stars!,,动漫,,好好怪,2601,
,air shakur (umamusume),空中神宫（赛马娘）,,出自赛马娘,,好好怪,3101,10月23日
,airani iofifteen,lofi,,vtuber,,,2504,
,aka ringo,红苹果,,画师,,,2501,
,aka tawashi,aka tawashi,,画师,,,2501,
,aka ume,aka ume,,画师,,,2501,
,akabane youko,赤羽叶子,,vtuber,,,2504,
,akagi (kancolle),赤城（舰队收藏）,,出自舰队收藏,,,2709,
,akagi (paradise amaryllis) (azur lane),赤城（乐园的彼岸花）（碧蓝航线）,,出自碧蓝航线,,,2703,
,akagi asahito,赤城朝日,,画师,,,2501,
,akagi kai ni (kancolle),赤城 改二（舰队收藏）,,出自舰队收藏,,,2709,
,akagi kurage,akagi kurage,,画师,,,2501,
,akagi ritsuko,赤木律子,,出自《新世纪福音战士》,,,3101,
,akagi shun,紅木春,,插画师,,,2501,
,akagi: yami ni oritatta tensai,斗牌传说,,动漫,,,3101,
,akahi242,akahi242,,画师,,,2501,
,akai haato,赤井心,,vtuber,,,2504,
,akai ringo (ookami-san),赤井林檎（大神与七位伙伴）,,出自《大神与七位伙伴》,,,3101,
,akai sashimi,akai sashimi,,画师,,,2501,
,akai shuuichi,赤井秀一,,出自《名侦探柯南》,,,3101,
,akairiot,akairiot,,画师,,,2501,
,akakura,赤倉,,画师,,,2501,
,akane (blue archive),茜（碧蓝档案）,,出自碧蓝档案,,,2706,
,akane (bunny) (blue archive),茜（兔女郎）（碧蓝档案）,,出自碧蓝档案,,,2706,
,akasaai,akasaai,,画师,,,2501,
,akasaka mamoru,赤坂卫,,出自《寒蝉鸣泣之时》,,,3101,
,akashi kaoru,明石薰,,出自《楚楚可怜超能少女组》,,,3101,
,akashi kuniyuki,明石国行,,出自刀剑乱舞,,,3101,
,akashi seijuurou,赤司征十郎,,出自《黑子的篮球》,,,3101,
,akashi yuuna,明石裕奈,,出自《魔法先生》,,,3101,
,akashiya moka,赤夜萌香,,出自《十字架与吸血鬼》,,,3101,
,akata itsuki,亜方逸樹,,画师,,,2501,
,akatsuki blitzkampf,葬晓电光战记,,出自葬晓电光战记,,,3101,
,akatsuki kai ni (kancolle),晓 改二(舰队收藏),,出自舰队收藏,,,2709,
,akatsuki no goei,晓之护卫,,出自晓之护卫,,,3101,
,akatsuki no yona,晨曦公主,,出自晨曦公主,,,3101,
,akatsuki uni,赤月优虹,,vtuber,,,2504,
,akatsuki uniform,晓制服,,出自《火影忍者》,,,3101,
,akaza,猗窝座,,出自《鬼灭之刃》,,,3101,
,akaza akane,赤座茜,,出自《摇曳百合》,,,3101,
,akazawa izumi,赤泽泉美,,出自动漫《another》,,,3101,
,akazawa red,akazawa red,,画师,,,2501,
,akazukin chacha,小红帽恰恰,,出自动漫《小红帽恰恰》,,,3101,
,akchu,akchu,,画师,,,2501,
,akebi komichi,明日小路,,出自动漫《明日同学的水手服》,,,3101,
,akebi-chan no serafuku,明日同学的水手服,,出自动漫《明日同学的水手服》,,,3101,
,akebono (kancolle),曙（舰队收藏）,,出自舰队收藏,,,2709,
,akebono kai ni (kancolle),曙 改二（舰队收藏）,,出自舰队收藏,,,2709,
,akechi gorou,明智吾郎,,出自女神异闻录5,,,3101,
,akechi kokoro,明智小衣,,出自动漫《侦探歌剧：少女福尔摩斯》,,,3101,
,akehi yuki,绯比雪,,画师,,,2501,
,akemiho tabi nikki,akemiho tabi nikki,,画师,,,2501,
,aki (akikaze asparagus),aki (akikaze asparagus),,画师,,,2501,
,aki (akisora hiyori),aki (akisora hiyori),,画师,,,2501,
,aki (neyuki41028),aki (neyuki41028),,画师,,,2501,
,aki (sangetusei),aki (sangetusei),,画师,,,2501,
,aki eda,aki eda,,画师,,,2501,
,aki rosenthal,亚绮·罗森塔尔,,vtuber,,,2504,
,aki663,aki663,,画师,,,2501,
,aki99,aki99,,画师,,,2501,
,akiamare,akiamare,,画师,,,2501,
,akiba hideki,akiba hideki,,画师,,,2501,
,akiba monaka,akiba monaka,,画师,,,2501,
,akieda,akieda,,画师,,,2501,
,akigumo (kancolle),秋云(舰队收藏),,出自舰队收藏,,,2709,
,akigumo kai ni (kancolle),秋云改二（舰队收藏）,,出自舰队收藏,,,2709,
,akiha (attract),akiha (attract),,画师,,,2501,
,akiha rumiho,菲利斯喵喵,,出自命运石之门,,,3101,
,akihazama,akihazama,,画师,,,2501,
,akihime sumomo,秋姬素桃,,出自《七色星露》,,,3101,
,akihiro altland,昭弘·阿尔特兰,,出自《机动战士高达：铁血的奥尔芬斯》,,,3101,
,akikawa yayoi (umamusume),秋川弥生（赛马娘）,,出自赛马娘,,,3101,
,akikazu mizuno,水野晓一,,画师,,,2501,
,akimaki yuu,akimaki yuu,,画师,,,2501,
,akimoto komachi,永野爱,,出自《yes！光之美少女5》,,,3101,
,akinaie,akinaie,,画师,,,2501,
,akinashi yuu,akinashi yuu,,画师,,,2501,
,akinbo (hyouka fuyou),akinbo (hyouka fuyou),,画师,,,2501,
,akine (kuroyuri),akine (kuroyuri),,画师,,,2501,
,akino (princess connect!),秋乃（公主连接！）,,出自公主连结,,,3101,
,akino sora,akino sora,,画师,,,2501,
,akino subaru,akino subaru,,画师,,,2501,
